Number of Bits;nCand;non-linear constraints;linear constraints;total constraints;CRS size [MB];t_prep [ms];t_prove [ms];t_ver [ms]
32;1;5415;2187;7602;4.198528289794922;7672;1473;697
32;2;21696;8756;30452;13.746528625488281;14766;2479;700
32;3;48843;19707;68550;33.99834060668945;22219;4952;697
32;5;135735;54755;190490;87.61431503295898;47868;10420;696
32;10;543120;219060;762180;349.4762954711914;173434;38933;711
32;25;3395175;1369275;4764450;2294.679759979248;1163540;250640;1037
32;30;4889160;1971780;6860940;3078.9534225463867;1924660;311338;861
