Number of Bits;nCand;non-linear constraints;linear constraints;total constraints;CRS size [MB];t_prep [ms];t_prove [ms];t_ver [ms]
32;1;1;1;2;0.007053375244140625;1452;741;663
32;2;5;5;10;0.018871307373046875;1460;737;663
32;5;155;95;250;0.15598678588867188;1614;755;660
32;10;1585;865;2450;1.1148643493652344;2716;884;676
32;25;28525;14725;43250;16.633625030517578;12899;2261;748
32;50;238925;121325;360250;131.09507369995117;57149;11976;972
