Number of Bits;nCand;non-linear constraints;linear contraints;total constraints; CRS size [MB]; t_prep [ms];t_prove [ms];t_ver [ms]
32,1;10555;2277;12832;6.284179;12814;1696;683
32,2;42256;9116;51372;25.145126;27013;4105;672
32,3;95103;20517;115620;55.585182;46827;7280;706
32,5;264235;57005;321240;164.203536;115185;21668;666
32,10;1057120;228060;1285180;656.889175;451890;76795;683
32,25;6607675;1425525;8033200;.000667;39989;963;705
