n_cand;#Constraints;Prove[s];EKCRS[MB]
1;11505;0.5131386817752001;18.60738165
2;46018;2.0524655243747203;74.42629194
5;287605;12.8275750171192;465.15219464999996
10;1150410;51.309854054846404;1860.5926052999998
25;7190025;320.684915291676;11628.64313325
50;28760050;1282.7374310985522;46514.49166649999
74;62995978;2809.706484837853;101885.28509874
