n_cand;#Constraints;Prove[s];EKCRS[MB]
1;11503;0.51304947904912;18.60414699
2;46014;2.05228711892256;74.41982261999999
5;287835;12.8378333306184;465.52418055
10;1153270;51.437413953140805;1865.2181690999998
25;7245175;323.144680463332;11717.838882749998
50;29230350;1303.713452136264;47275.1219655
74;64551606;2879.0896140210425;104401.24893198
