n_cand;#Constraints;Prove[s];EKCRS[MB]
1;5838;0.26038275742752004;9.44197254
2;6349;0.28317405394096;10.26842817
5;9922;0.44253472408288;16.04714826
10;22677;1.0114251096580802;36.67619241
25;111942;4.992765781423681;181.04715485999998
50;430717;19.21056528449968;696.61152561
75;961992;42.906154433575686;1555.85852136
100;1705767;76.07953322865168;2758.78814211
104;1844491;82.26681271501263;2983.15062903
