Number of Bits;nCand;non-linear constraints;linear constraints;total constraints;CRS size [MB];t_prep [ms];t_prove [ms];t_ver [ms]
32;1;0;0;0;1.016265869140625;1842;889;712
32;2;35;0;35;1.0386772155761719;1934;942;706
32;3;105;0;105;1.0811958312988281;2118;940;711
32;5;350;0;350;1.2274703979492188;2767;949;715
32;10;1575;0;1575;2.2003746032714844;5879;1071;717
32;25;10500;0;10500;7.9309539794921875;27659;1439;778
