Number of Bits;nVotes;non-linear constraints;linear constraints;total constraints;CRS size [MB];t_prep [ms];t_prove [ms];t_ver [ms]
1;2;10210;4124;14334;5182.583736419678;186518;186976;724
1;5;25525;10310;35835;10485.439880371094;381730;364494;746
1;10;51050;20620;71670;21370.866786956787;900788;941153;1014
1;1;5105;2062;7167;2581.298355102539;89686;98958;728
