Number of Bits;nVotes;non-linear constraints;linear constraints;total constraints;CRS size [MB];t_prep [ms];t_prove [ms];t_ver [ms]
32;650;1300;649;1949;2.587993621826172;3328;1016;751
32;700;1400;699;2099;2.748401641845703;3447;1034;751
32;750;1500;749;2249;2.9088096618652344;3605;1055;760
32;800;1600;799;2399;3.0692176818847656;3710;1061;772
32;850;1700;849;2549;3.229625701904297;3877;1148;773
32;900;1800;899;2699;3.390033721923828;3945;1077;778
32;950;1900;949;2849;4.050441741943359;4107;1156;783
32;1000;2000;999;2999;4.210849761962891;4222;1316;797
