Number of Bits;nCand;nGrades;non-linear constraints;linear constraints;total constraints;CRS size [MB];t_prep [ms];t_prove [ms];t_ver [ms]
32;650;6;3900;650;4550;11.807411193847656;6997;2223;1110
32;700;6;4200;700;4900;12.561576843261719;7334;2292;1143
32;750;6;4500;750;5250;13.315742492675781;7729;2340;1178
32;800;6;4800;800;5600;16.069908142089844;8149;2872;1207
32;850;6;5100;850;5950;16.824073791503906;8425;2961;1236
32;900;6;5400;900;6300;17.57823944091797;8628;3007;1259
32;950;6;5700;950;6650;18.33240509033203;9011;3033;1305
32;1000;6;6000;1000;7000;19.086570739746094;9523;3113;1335
32;650;650;422500;650;423150;1318.1198806762695;397116;150441;42824
