Number of Bits;nVotes;maxVotesCand;maxChoices;non-linear constraints;linear constraints;total constraints;CRS size [MB];t_prep [ms];t_prove [ms];t_ver [ms]
32;650;5;1300;21494;2605;24099;13.217975616455078;9507;1813;750
32;700;5;1400;23144;2805;25949;14.079143524169922;9843;1843;759
32;750;5;1500;24794;3005;27799;14.940311431884766;10006;1874;781
32;800;5;1600;26444;3205;29649;17.80147933959961;10213;2383;768
32;850;5;1700;28094;3405;31499;18.662647247314453;10340;2391;770
32;900;5;1800;29744;3605;33349;19.523815155029297;10480;2422;780
32;950;5;1900;31394;3805;35199;20.38498306274414;10262;2467;783
32;1000;5;2000;33044;4005;37049;21.246150970458984;10330;2508;795
