Number of Bits;nVotes;maxVotesCand;maxChoices;non-linear constraints;linear constraints;total constraints;CRS size [MB];t_prep [ms];t_prove [ms];t_ver [ms]
32;650;5;1300;21493;2605;24098;13.217891693115234;9549;1812;747
32;700;5;1400;23143;2805;25948;14.079059600830078;9836;1839;753
32;750;5;1500;24793;3005;27798;14.940227508544922;10023;1901;752
32;800;5;1600;26443;3205;29648;17.801395416259766;10167;2370;769
32;850;5;1700;28093;3405;31498;18.66256332397461;10377;2411;771
32;900;5;1800;29743;3605;33348;19.523731231689453;10408;2438;773
32;950;5;1900;31393;3805;35198;20.384899139404297;10214;2501;780
32;1000;5;2000;33043;4005;37048;21.24606704711914;10335;2501;792
