Number of Bits;nCand;nGrades;non-linear constraints;linear constraints;total constraints;CRS size [MB];t_prep [ms];t_prove [ms];t_ver [ms]
32;3;3;94923;20496;115419;55.502784729003906;28100;4774;667
32;3;6;189846;40989;230835;111.00231170654297;48112;9129;683
