Number of Bits;nVotes;a;b;non-linear constraints;linear contraints;total constraints; CRS size [MB]; t_prep [ms];t_prove [ms];t_ver [ms]
32,1,2,1;36;7;43;.026512;1899;692;644
32,2,2,1;144;26;170;.092109;1487;713;641
32,5,2,1;900;125;1025;.556571;1892;741;642
32,10,2,1;3600;450;4050;2.177375;3093;876;649
32,25,2,1;22500;2625;25125;12.319725;7392;1386;662
32,50,2,1;90000;10250;100250;49.073432;12857;2976;663
32,75,2,1;202500;22875;225375;108.264381;25084;5445;670
32,100,2,1;360000;40500;400500;195.892570;43915;25150;1245
