Number of Bits;nCand;non-linear constraints;linear contraints;total constraints; CRS size [MB]; t_prep [ms];t_prove [ms];t_ver [ms]
32,1;0;0;0;.006317;1718;805;775
32,2;36;8;44;.037582;1960;854;727
32,5;360;80;440;.295059;2121;999;794
32,10;1620;360;1980;1.255264;2771;1215;754
32,25;10800;2400;13200;8.583801;7490;1624;807
32,50;44100;9800;53900;34.749435;11952;3084;1126
32,75;99900;22200;122100;76.500160;19478;5529;1225
32,100;178200;39600;217800;139.835975;33992;9841;1669
