Number of Bits;nVotes;maxVotesCand;maxChoices;non-linear constraints;linear contraints;total constraints; CRS size [MB]; t_prep [ms];t_prove [ms];t_ver [ms]

32,5,5,10;206;28;234;.139171;1783;772;714
32,10,5,20;373;48;421;.226150;1756;786;712
32,25,5,50;870;108;978;.579113;2095;836;737
32,50,5,100;1697;208;1905;1.135559;2535;891;726
32,75,5,150;2524;308;2832;1.567005;2885;1065;758
32,100,5,200;3349;408;3757;2.247589;3929;1189;925
