Number of Bits;nVotes;maxChoices;maxVotesCand;non-linear constraints;linear contraints;total constraints; CRS size [MB]; t_prep [ms];t_prove [ms];t_ver [ms]
32,1,5,2;67;8;75;.043560;1830;823;760
32,2,5,4;101;13;114;.069332;1775;813;724
32,5,5,10;201;25;226;.137058;1847;847;727
32,10,5,20;367;45;412;.223606;1935;869;729
32,25,5,50;863;105;968;.576137;2203;857;735
32,50,5,100;1689;205;1894;1.132152;2592;932;735
32,75,5,150;2515;305;2820;1.563167;2984;1171;1048
32,100,5,200;3340;405;3745;2.243751;3785;1121;806
