n_cand;#Constraints;Prove[s];EKCRS[MB]
1;11503;0.51304947904912;18.60414699
2;46014;2.05228711892256;74.41982261999999
5;287835;12.8378333306184;465.52418055
10;1153270;51.437413953140805;1865.2181690999998
23;6128097;273.3214790413349;9911.15512101
