n_cand;#Constraints;Prove[s];EKCRS[MB]
1;0;0.0;0.0
2;2;8.920272608e-05;0.00323466
5;260;0.0115963543904;0.42050579999999993
10;2970;0.1324660482288;4.803470099999999
25;55800;2.488756057632;90.247014
50;472850;21.089754513464;764.7544904999999
74;1561178;69.63066674806112;2524.9400147399997
