n_cand;#Constraints;Prove[s];EKCRS[MB]
1;6688;0.29829391601152;10.81670304
2;7709;0.34383190767536004;12.467996969999998
5;10772;0.48044588266688;17.42187876
10;15877;0.7081358409860801;25.67834841
25;31192;1.39120571594368;50.44775736
50;56717;2.52965550753968;91.73010561
74;81221;3.62256730747184;131.36115992999999
