n_cand;#Constraints;Prove[s];EKCRS[MB]
1;11505;0.5131386817752001;18.60738165
2;46018;2.0524655243747203;74.42629194
5;287605;12.8275750171192;465.15219464999996
10;1150410;51.309854054846404;1860.5926052999998
23;6085639;271.4277943693826;9842.486523869999
