n_cand;#Constraints;Prove[s];EKCRS[MB]
1;69025;3.078609083836;111.63620325
2;138050;6.157218167672;223.2724065
5;345125;15.39304541918;558.18101625
10;690250;30.78609083836;1116.3620325
25;1725625;76.9652270959;2790.90508125
50;3451250;153.9304541918;5581.8101625
74;5107850;227.817072203864;8261.0790405
