n_cand;#Constraints;Prove[s];EKCRS[MB]
1;5836;0.26029355470144;9.43873788
2;6345;0.28299564848880004;10.26195885
5;10152;0.45279303758208;16.41913416
10;25537;1.1389850079524801;41.30175620999999
25;167092;7.45253095307968;270.24290435999995
50;901017;40.18658632221168;1457.2418246099999
74;2492289;111.15948648959856;4030.85376837
