Number of Bits;nCand;non-linear constraints;linear constraints;total constraints;CRS size [MB];t_prep [ms];t_prove [ms];t_ver [ms]
32;1;3496;0;3496;2.875946044921875;5877;1181;712
32;2;14019;0;14019;8.227397918701172;13238;1685;711
32;3;31569;0;31569;19.318317413330078;18367;3037;710
32;5;87750;0;87750;49.21947479248047;33498;5505;712
32;10;351175;0;351175;194.66839218139648;101128;19516;716
32;25;2195500;0;2195500;1268.9810638427734;648718;122190;837
